exp_id,parent_id,timestamp,git_rev,hypothesis,change,subset,n_s1,n_cands,cands_per_s1,blocking_recall,oracle_f05,precision,recall,macro_f05,f05_ci_lo,f05_ci_hi,f05_us,f05_india,f05_singletons,runtime_s,peak_rss_mb,conclusion,notes
E-00,,2026-09-25T18:17:07,nocommit,rules give a usable floor + harness sanity check,"V1-lite name, A1 addr, R-exact (K1,K4,house+name), rules, argmax",devval,255858,8444357,33.00408,0.76968,0.89827,0.97028,0.47835,0.63965,0.63803,0.64128,0.71053,0.47203,0.94884,17.0,3613,INFO,
E-00,,2026-09-25T18:17:48,nocommit,rules give a usable floor + harness sanity check,"V1-lite name, A1 addr, R-exact (K1,K4,house+name), rules, argmax",devval,255858,8444357,33.00408,0.76968,0.89827,0.97028,0.47835,0.63965,0.63803,0.64128,0.71053,0.47203,0.94884,16.7,3438,INFO,recall_addr_only=0.5206 recall_indic=0.3678 recall_normal=0.8269 recall_name_only=0.6179
E-00,,2026-09-25T18:18:49,nocommit,rules give a usable floor + harness sanity check,"V1-lite name, A1 addr, R-exact (K1,K4,house+name), rules, argmax",devtrain,271228,10863233,40.05203,0.77022,0.89808,0.95952,0.48257,0.63878,0.6372,0.64035,0.71558,0.51364,0.93662,17.3,3992,INFO,recall_addr_only=0.5281 recall_normal=0.8318 recall_name_only=0.6226 recall_indic=0.4039
E-00,,2026-09-25T18:23:57,nocommit,rules give a usable floor + harness sanity check,"{'name': 'V1', 'addr': 'A1'}",devval,255858,8444357,33.00408,0.76968,0.89827,0.97028,0.47835,0.63965,0.63803,0.64128,0.71053,0.47203,0.94884,14.8,3766,INFO,"recall_name_only=0.6179 recall_indic=0.3678 recall_addr_only=0.5206 recall_normal=0.8269 fp_distractor=8823 fp_wrong_s1=4138 n_pred=436152 cfg={'name': 'V1', 'addr': 'A1'}"
E-01,E-00,2026-09-25T18:24:23,nocommit,"inverting name noise (DBA/formerly, id tags, domains) helps",{'name': 'V2'},devval,255858,8617040,33.67899,0.79191,0.9105,0.97071,0.48981,0.64697,0.64535,0.64856,0.71978,0.47477,0.94857,18.7,3820,KEEP,"+0.0073 vs E-00; addr_only recall .52->.74 | recall_indic=0.3678 recall_addr_only=0.7406 recall_name_only=0.6244 recall_normal=0.8331 fp_distractor=8837 fp_wrong_s1=4236 n_pred=446401 cfg={'name': 'V2', 'addr': 'A1'}"
E-02,E-00,2026-09-25T18:25:46,nocommit,"all-number set beats first-number house (India DOOR NO, reordered S1)",{'addr': 'A2'},devval,255858,30050597,117.45029,0.89718,0.95777,0.95823,0.71041,0.83672,0.8357,0.83776,0.85161,0.8015,0.90185,82.1,8434,KEEP,"+0.197 vs E-00; but 117 cands/S1 & 8.4GB: violates budget -> needs cap (E-04a) | recall_normal=0.9344 recall_addr_only=0.8014 recall_indic=0.6936 recall_name_only=0.6179 fp_distractor=21386 fp_wrong_s1=6013 n_pred=655887 cfg={'name': 'V1', 'addr': 'A2'}"
E-03,E-01,2026-09-25T18:26:07,nocommit,Indic->Latin dictionary recovers India positives,{'name': 'V3'},devval,255858,8931506,34.90806,0.8244,0.93223,0.97115,0.49625,0.65186,0.65026,0.65347,0.71978,0.49123,0.9494,21.2,3789,KEEP,"+0.0049 vs E-01; indic recall .37->.98 | recall_name_only=0.6255 recall_indic=0.9793 recall_addr_only=0.7406 recall_normal=0.8331 fp_distractor=8904 fp_wrong_s1=4137 n_pred=452068 cfg={'name': 'V3', 'addr': 'A1'}"
E-04a,E-03x,2026-09-25T18:28:10,nocommit,R-exact within the C6 budget (top-8 S1 per record by shared keys) keeps the gain,{'topk': 8},devval,255858,6008933,23.48542,0.90568,0.96395,0.96302,0.74452,0.85812,0.85712,0.8591,0.86157,0.84996,0.91136,33.5,5719,KEEP,"combined V3+A2 at top-8/record: 0.8581, 23 cands/S1, 5.7GB; reference for E-04 | recall_normal=0.9208 recall_indic=0.9598 recall_addr_only=0.8797 recall_name_only=0.6105 fp_distractor=18942 fp_wrong_s1=6350 n_pred=683955 cfg={'name': 'V3', 'addr': 'A2', 'topk': 8}"
E-03x,E-03,2026-09-25T18:29:25,nocommit,E-01+E-02+E-03 gains stack,{'addr': 'A2'} (uncapped blocking),devval,,,,,,,,,,,,,,0.0,48,KILL,OOM-killed at 8.7GB RSS: uncapped A2 keys exceed the C6/§7 budget; measured capped as E-04a
E-04,E-04a,2026-09-25T18:31:39,nocommit,TF-IDF typed-token retrieval beats exact keys at equal budget (k=8),"{'ret': 'sparse', 'cap': 100}",devval,255858,9201512,35.96335,0.94526,0.97883,0.94731,0.75183,0.84951,0.84849,0.85049,0.85503,0.83645,0.86493,46.3,6968,INFO,"recall_addr_only=0.9466 recall_name_only=0.5239 recall_indic=0.9451 recall_normal=0.9682 fp_distractor=32265 fp_wrong_s1=4727 n_pred=702127 cfg={'name': 'V3', 'addr': 'A2', 'topk': 8, 'ret': 'sparse', 'cap': 100}"
E-04,E-04a,2026-09-25T18:34:45,nocommit,TF-IDF typed-token retrieval beats exact keys at equal budget (k=8),"{'ret': 'sparse', 'cap': 100}",devval,255858,9201512,35.96335,0.94526,0.97883,0.94731,0.75183,0.84951,0.84849,0.85049,0.85503,0.83645,0.86493,47.5,5103,KEEP,"retrieval criterion met: recall .906->.945, oracle .964->.979 at k=8 (G2 passed). Rules F0.5 -0.009 = scorer admits harder cands (fp_distractor 18.9k->32.3k): E-07's job. RAM 7.0->5.1GB after per-chunk tokenisation | recall_indic=0.9451 recall_name_only=0.5239 recall_addr_only=0.9466 recall_normal=0.9682 fp_distractor=32265 fp_wrong_s1=4727 n_pred=702127 cfg={'name': 'V3', 'addr': 'A2', 'topk': 8, 'ret': 'sparse', 'cap': 100}"
E-05,E-04,2026-09-25T18:35:50,nocommit,union with R-exact (C6) adds >=0.3pt recall (name-only records),{'ret': 'sparse+exact'},devval,255858,11849509,46.31283,0.97083,0.98982,0.94206,0.76334,0.8541,0.85312,0.8551,0.86211,0.83517,0.86347,64.9,6064,KEEP,"+2.6pt recall (.945->.971), name_only .52->.78, oracle .979->.990; 46 cands/S1, 6.06GB (at budget edge) | recall_normal=0.9816 recall_name_only=0.7807 recall_indic=0.9850 recall_addr_only=0.9576 fp_distractor=34326 fp_wrong_s1=7210 n_pred=716848 cfg={'name': 'V3', 'addr': 'A2', 'topk': 8, 'ret': 'sparse+exact', 'cap': 100}"
E-04b,E-04,2026-09-25T18:36:26,nocommit,looser posting cap (300) buys recall worth its cost,{'cap': 300},devval,,,,,,,,,,,,,,0.0,50,KILL,"not run: profiled 389 postings/rec at cap=300 vs 131 at 100 (3x join rows) -> ~15-20GB, outside §7 budget"
E-07,E-05,2026-09-25T18:47:14,nocommit,"a learned pair scorer (LightGBM, C7 features) beats rules",{'scorer': 'gbdt'},devval,255858,11849509,46.31283,0.97083,0.98982,0.98293,0.93372,0.96051,0.96003,0.961,0.96265,0.95544,0.92018,448.4,5864,INFO,"recall_name_only=0.7807 recall_indic=0.9850 recall_addr_only=0.9576 recall_normal=0.9816 fp_distractor=13219 fp_wrong_s1=1125 n_pred=840394 tau=0.7 oof_curve={0.05: 0.913, 0.1: 0.9281, 0.15: 0.9351, 0.2: 0.9404, 0.25: 0.9453, 0.3: 0.9499, 0.35: 0.953, 0.4: 0.9549, 0.45: 0.9561, 0.5: 0.9572, 0.55: 0.9581, 0.6: 0.9588, 0.65: 0.959, 0.7: 0.9591, 0.75: 0.9588, 0.8: 0.9575, 0.85: 0.9546, 0.9: 0.9484, 0.95: 0.93} top_gain=sp_rel:19538029,sp_rank:13866484,sp_score:8339019,aj_gap:2407200,ndiff:1924257,n_ratio:1527367,n_tsr:918067,nj_gap:873395"
E-07,E-05,2026-09-25T18:56:19,nocommit,"a learned pair scorer (LightGBM, C7 features) beats rules",{'scorer': 'gbdt'},devval,255858,11849509,46.31283,0.97083,0.98982,0.98293,0.93372,0.96051,0.96003,0.961,0.96265,0.95544,0.92018,342.4,5846,KEEP,"+0.1064 vs E-05 rules (learned scorer) | +0.1064 vs E-05 rules (learned scorer) | recall_indic=0.9850 recall_name_only=0.7807 recall_normal=0.9816 recall_addr_only=0.9576 fp_distractor=13219 fp_wrong_s1=1125 n_pred=840394 tau=0.7 oof_curve={0.05: 0.913, 0.1: 0.9281, 0.15: 0.9351, 0.2: 0.9404, 0.25: 0.9453, 0.3: 0.9499, 0.35: 0.953, 0.4: 0.9549, 0.45: 0.9561, 0.5: 0.9572, 0.55: 0.9581, 0.6: 0.9588, 0.65: 0.959, 0.7: 0.9591, 0.75: 0.9588, 0.8: 0.9575, 0.85: 0.9546, 0.9: 0.9484, 0.95: 0.93} top_gain=sp_rel:19538029,sp_rank:13866484,sp_score:8339019,aj_gap:2407200,ndiff:1924257,n_ratio:1527359,n_tsr:918075,nj_gap:873395"
E-09,E-07,2026-09-25T18:57:57,nocommit,a top1-top2 margin removes S1<->S1 confusions,{'decision': 'margin'},devval,255858,11849509,46.31283,0.97083,0.98982,0.98136,0.93696,0.96042,0.95994,0.9609,0.96275,0.9549,0.91303,86.1,4783,KILL,"-0.0001 vs E-07; OOF flat (0.9591 either way) |  fp_distractor=14731 fp_wrong_s1=1011 n_pred=844654 params={'tau': 0.65, 'm': 0.3} oof_top=[({'tau': 0.65, 'm': 0.3}, 0.9591), ({'tau': 0.7, 'm': 0.0}, 0.9591), ({'tau': 0.7, 'm': 0.05}, 0.9591), ({'tau': 0.7, 'm': 0.2}, 0.9591)]"
E-12,E-07,2026-09-25T18:58:21,nocommit,per-S1 expected-F0.5 prefix beats a global tau,{'decision': 'ef05'},devval,255858,11849509,46.31283,0.97083,0.98982,0.9838,0.93327,0.96087,0.96038,0.96137,0.96314,0.9555,0.88374,23.2,4804,KILL,"+0.0004 vs E-07 < +0.002 bar; singletons .920->.884 (trades singleton precision for recall) |  fp_distractor=12483 fp_wrong_s1=1115 n_pred=839247 params={'floor': 0.5} oof_top=[({'floor': 0.5}, 0.9597), ({'floor': 0.4}, 0.9594), ({'floor': 0.2}, 0.9594), ({'floor': 0.3}, 0.9594)]"
E-13,E-12,2026-09-25T18:58:48,nocommit,isotonic calibration (OOF) improves the expected-F0.5 decision,{'calib': 'isotonic'},devval,255858,11849509,46.31283,0.97083,0.98982,0.9842,0.9318,0.96065,0.96016,0.96114,0.96298,0.95512,0.88228,26.1,5275,KILL,"+0.0001 vs E-07; LightGBM probs already calibrated enough |  fp_distractor=12139 fp_wrong_s1=1098 n_pred=837588 params={'floor': 0.5} oof_top=[({'floor': 0.5}, 0.9596), ({'floor': 0.4}, 0.9593), ({'floor': 0.2}, 0.9593), ({'floor': 0.3}, 0.9593)]"
E-07b,E-07,2026-09-25T19:18:15,nocommit,legal-form relation + name OOV share separate decoys from positives,{'fv': 2},devval,255858,11849509,46.31283,0.97083,0.98982,0.98857,0.94392,0.96993,0.96953,0.97036,0.97201,0.96502,0.94565,475.3,6337,KEEP,"+0.0094 vs E-07 (CI disjoint); singletons .920->.946, fp_distractor 13.2k->8.5k; train peak 6.3GB (slightly over) | recall_normal=0.9816 recall_addr_only=0.9576 recall_indic=0.9850 recall_name_only=0.7807 fp_distractor=8502 fp_wrong_s1=1153 n_pred=844725 tau=0.7 oof_curve={0.05: 0.9359, 0.1: 0.9484, 0.15: 0.9546, 0.2: 0.9583, 0.25: 0.9608, 0.3: 0.9626, 0.35: 0.9641, 0.4: 0.9653, 0.45: 0.9664, 0.5: 0.9672, 0.55: 0.9678, 0.6: 0.9684, 0.65: 0.9688, 0.7: 0.9689, 0.75: 0.9687, 0.8: 0.968, 0.85: 0.9665, 0.9: 0.9629, 0.95: 0.9513} top_gain=sp_rel:17859345,sp_rank:15906267,sp_score:8153379,aj_gap:2634371,n_ratio:1907800,ndiff:1752849,nj_gap:892591,a_tsr:605851"
E-10a,E-07b,2026-09-25T20:26:25,nocommit,"record-competition context (runner-up, margin, rank) as stage-2 features helps","{'stage2': ['CTX2'], 'preds': 'E-07b'}",devval,255858,988296,3.86267,0.9701,0.98956,0.98956,0.94581,0.97141,0.97102,0.97184,0.97325,0.96704,0.95023,50.0,4369,INFO,"+0.0015 vs E-07b (below +0.002 bar alone); fp_wrong_s1 1153->621 |  fp_distractor=8209 fp_wrong_s1=621 n_pred=845571 tau=0.7 oof_best=0.9700 top_gain=p_margin:5354803,p1:558364,sp_score:38735,n_ratio:22449,n_tsr:22039,ncand_s:21221,ndiff:20562,p_r2:19334"
E-10,E-10a,2026-09-25T20:27:18,nocommit,within-source sibling consensus (shared base address) helps,"{'stage2': ['CTX2', 'SIB']}",devval,255858,988296,3.86267,0.9701,0.98956,0.9903,0.94726,0.97208,0.97167,0.9725,0.97357,0.96856,0.95079,52.6,4444,INFO,"+0.0007 vs E-10a (below bar alone) |  fp_distractor=7568 fp_wrong_s1=644 n_pred=846235 tau=0.7 oof_best=0.9709 top_gain=p_margin:3830952,p1:2105029,sib_max:46199,p_r2:36005,sp_score:31288,n_tsr:22597,ncand_s:20281,n_ratio:19889"
E-11,E-10,2026-09-25T20:28:14,nocommit,cross-source S1 support (S2<->S3) helps,"{'stage2': ['CTX2', 'SIB', 'XSRC']}",devval,255858,988296,3.86267,0.9701,0.98956,0.98965,0.95092,0.97266,0.97225,0.97308,0.974,0.96949,0.96495,55.1,4363,KEEP,"stage-2 as one component (CTX2+SIB+XSRC): +0.0027 vs E-07b, CI disjoint (.9695-.9704 vs .9723-.9731); singletons .946->.965; +55s, 4.4GB |  fp_distractor=7980 fp_wrong_s1=822 n_pred=850069 tau=0.65 oof_best=0.9712 top_gain=p_margin:4980256,p1:508527,sp_score:196288,ndiff:56875,nextra:56682,p_rank:50921,p_r2:50478,sib_max:48974"
E-14,E-07b,2026-09-25T23:30:14,nocommit,"features transfer across countries (France proxy): train one country, test the other",{'xcountry': True},devval,,,,,,,,,,,0.95794,0.91223,,332.5,9360,INFO,"no country feature is used already; gap US->India -0.053, India->US -0.014 => France (unlabelled) expected below US/India; mitigations: FR address normalisation, conservative FR tau. NOTE peak 9.4GB (both full pair tables loaded) - over budget | India->US: 0.9579 (tau=0.7); US->India: 0.9122 (tau=0.75); us: both-countries model 0.9720, transfer gap -0.0141; india: both-countries model 0.9650, transfer gap -0.0528"
G3-full,E-11,2026-09-26T01:20:31,nocommit,dev-scale blocks reproduce DEV-VAL F0.5 at full scale,"frozen E-11, state blocks, train split minus DEV-TRAIN states",train_full,1935593,109694047,56.67206,0.96322,0.98465,0.97836,0.93466,0.95597,0.95578,0.95618,0.96713,0.93945,0.94117,37.5,4088,INFO,tau=0.65
G3-full,E-11,2026-09-26T01:50:29,nocommit,dev-scale blocks reproduce DEV-VAL F0.5 at full scale,"frozen E-11, state blocks, train split minus DEV-TRAIN states",train_full,1935593,110410374,57.04214,0.96804,0.98849,0.98465,0.93136,0.96118,0.961,0.96136,0.97053,0.94732,0.95159,37.6,4286,KEEP,"full-scale truth (1.94M S1 never trained on): 0.9612, US .9705, India .9473. v1 of block pipeline scored 0.9560: fixed India misc-state S1 (0.37 F) + stateless-record cross-block margin 0.1 (+0.0025, tuned on this set). Dev subsets over-estimated by ~0.011: stateless records only met their owner's states there | tau=0.65"
E-05c,E-05,2026-09-27T00:43:03,8bc57f5,R-char (name 4-grams) on empty-address / uncovered records lifts name-only recall,{'ret': 'sparse+exact+char'},devval,255858,11949869,46.70508,0.97573,0.99141,0.9418,0.76352,0.8541,0.85311,0.8551,0.86217,0.83504,0.86347,70.7,5018,INFO,"retrieval criterion met: name_only recall .781->.873, overall .971->.976, oracle .990->.991, +0.4 cands/S1 | recall_name_only=0.8730 recall_indic=0.9850 recall_normal=0.9824 recall_addr_only=0.9585 fp_distractor=34354 fp_wrong_s1=7387 n_pred=717211 cfg={'name': 'V3', 'addr': 'A2', 'topk': 8, 'ret': 'sparse+exact+char', 'scorer': 'rules', 'fv': 1, 'cap': 100}"
E-07c,E-07b,2026-09-27T00:53:50,8bc57f5,R-char candidates (+ch_score/ch_rank features) raise macro F0.5 >= +0.002,"{'ret': 'sparse+exact+char', 'fv': 3}",devval,255858,11949869,46.70508,0.97573,0.99141,0.9884,0.94672,0.9707,0.97028,0.97111,0.97301,0.96523,0.94461,593.8,7201,KILL,"+0.0008 vs E-07b (< +0.002 bar; CIs overlap [.9703,.9711] vs [.9695,.9704]); fp_wrong_s1 1153->1280; peak 7.2GB over budget. Frozen config stays E-11 | recall_name_only=0.8730 recall_normal=0.9824 recall_addr_only=0.9585 recall_indic=0.9850 fp_distractor=8546 fp_wrong_s1=1280 n_pred=847373 tau=0.7 oof_curve={0.05: 0.9354, 0.1: 0.9479, 0.15: 0.9546, 0.2: 0.9584, 0.25: 0.9611, 0.3: 0.9631, 0.35: 0.9648, 0.4: 0.9661, 0.45: 0.9672, 0.5: 0.9681, 0.55: 0.9687, 0.6: 0.9692, 0.65: 0.9696, 0.7: 0.9697, 0.75: 0.9694, 0.8: 0.9687, 0.85: 0.9671, 0.9: 0.9636, 0.95: 0.9519} top_gain=sp_rel:17561166,sp_rank:15745916,sp_score:7806720,aj_gap:2634649,ndiff:1882940,n_ratio:1715942,nj_gap:964823,a_tsr:786374"
E-08,E-07b,2026-09-27T09:57:04,a44de2f,"up-weighting OOF hard negatives (p>=0.1, x5) raises precision at equal recall",{'hardneg': 5.0},devval,255858,11849509,46.31283,0.97083,0.98982,0.9887,0.94363,0.96991,0.9695,0.97034,0.97196,0.96508,0.94614,321.5,9520,KILL,"+0.0000 vs E-07b (0.9699 -> 0.9699); tau shifts .70->.35, same operating point; fp_distractor 8.5k->8.4k | recall_normal=0.9816 recall_name_only=0.7807 recall_addr_only=0.9576 recall_indic=0.9850 fp_distractor=8424 fp_wrong_s1=1121 n_pred=844362 tau=0.35 oof_curve={0.05: 0.9475, 0.1: 0.9606, 0.15: 0.9646, 0.2: 0.9667, 0.25: 0.968, 0.3: 0.9686, 0.35: 0.9689, 0.4: 0.9689, 0.45: 0.9686, 0.5: 0.968, 0.55: 0.9672, 0.6: 0.9661, 0.65: 0.9646, 0.7: 0.9624, 0.75: 0.9594, 0.8: 0.9549, 0.85: 0.9474, 0.9: 0.9341, 0.95: 0.9059} top_gain=sp_rank:19069755,sp_rel:12303407,sp_score:7739443,aj_gap:2538291,n_ratio:2116563,ndiff:1414647,n_tsr:942236,ntrunc:836335"
E-11h,E-08,2026-09-27T09:58:05,a44de2f,stage 2 on the hard-negative stage 1,"{'stage2': ['CTX2', 'SIB', 'XSRC'], 'preds': 'E-08'}",devval,255858,987988,3.86147,0.9698,0.98944,0.991,0.94844,0.97266,0.97226,0.9731,0.97386,0.96982,0.97022,59.1,4471,KILL,"0.97266 = E-11 exactly (0.97266); hard-negative weighting adds nothing once stage 2 is present; singletons .965->.970 but fp_wrong_s1 822->618 offset by recall |  fp_distractor=7004 fp_wrong_s1=618 n_pred=846695 tau=0.7 oof_best=0.9713 top_gain=p_margin:5178283,p1:416390,sp_score:197350,ndiff:89890,sib_max:53404,p_r2:52895,p_rank:46761,s_hi_same:46673"
